{"cameraMode":{"drawMode":0,"name":"Shaded","section":"Shading Mode"},"sceneLighting":true,"audioPlay":false,"sceneViewState":{"m_AlwaysRefresh":false,"showFog":true,"showSkybox":true,"showFlares":true,"showImageEffects":true,"showParticleSystems":true,"showVisualEffectGraphs":true,"m_FxEnabled":true},"in2DMode":false,"pivot":{"x":5.589596748352051,"y":32.729576110839847,"z":-136.65699768066407},"rotation":{"x":-0.037760891020298007,"y":-0.04585361108183861,"z":0.001734389690682292,"w":-0.9982339143753052},"size":35.98176956176758,"orthographic":false}