{"cameraMode":{"drawMode":0,"name":"Shaded","section":"Shading Mode"},"sceneLighting":true,"audioPlay":false,"sceneViewState":{"m_AlwaysRefresh":false,"showFog":true,"showSkybox":true,"showFlares":true,"showImageEffects":true,"showParticleSystems":true,"showVisualEffectGraphs":true,"m_FxEnabled":true},"in2DMode":false,"pivot":{"x":58.27224349975586,"y":66.32347106933594,"z":232.5687713623047},"rotation":{"x":0.05212588235735893,"y":0.039532825350761417,"z":0.0020647391211241485,"w":-0.9978577494621277},"size":238.22903442382813,"orthographic":false}